<?xml version="1.0" encoding="UTF-8"?>
<manifest identifier="MULTIPLY_SCORM_PACKAGE"
          version="1.0"
          xmlns="http://www.imsproject.org/xsd/imscp_rootv1p1p2"
          xmlns:adlcp="http://www.adlnet.org/xsd/adlcp_rootv1p2">
  <metadata>
    <schema>ADL SCORM</schema>
    <schemaversion>1.2</schemaversion>
  </metadata>

  <organizations default="ORG_MULTIPLY">
    <organization identifier="ORG_MULTIPLY">
      <title>Práctica de multiplicaciones</title>
      <item identifier="ITEM_MULTIPLY" identifierref="RES_MULTIPLY" isvisible="true">
        <title>Entrenamiento de multiplicaciones</title>
      </item>
    </organization>
  </organizations>

  <resources>
    <resource identifier="RES_MULTIPLY"
              type="webcontent"
              adlcp:scormtype="sco"
              href="index.html">
      <file href="index.html"/>
      <file href="style.css"/>
      <file href="app.js"/>
      <file href="scorm-api.js"/>
    </resource>
  </resources>
</manifest>
